page,slug,clicks,impressions,ctr,position
"https://studionol.co.kr/ko/stories/pitchtool1",pitchtool1,7,285,2.46,10.0
"https://studionol.co.kr/ko/stories/practice-room-voice-health1",practice-room-voice-health1,5,242,2.07,10.0
"https://studionol.co.kr/ko/stories/snsmusic1",snsmusic1,3,194,1.55,10.0
"https://studionol.co.kr/ko/stories/practice-room-drum-speed1",practice-room-drum-speed1,2,78,2.56,10.0
"https://studionol.co.kr/ko/stories/practice-room-guitar-arpeggio1",practice-room-guitar-arpeggio1,1,110,0.91,10.0
"https://studionol.co.kr/ko/stories/acoustic-recording1",acoustic-recording1,21,336,6.25,10.1
"https://studionol.co.kr/ko/stories/mixing1",mixing1,4,767,0.52,10.1
"https://studionol.co.kr/ko/stories/practice-room-drum-groove1",practice-room-drum-groove1,5,114,4.39,10.1
"https://studionol.co.kr/ko/stories/practice-room-rental1",practice-room-rental1,8,365,2.19,10.2
"https://studionol.co.kr/ko/stories/harmony1",harmony1,39,1319,2.96,10.2
"https://studionol.co.kr/ko/stories/practice-room-piano-polyphony1",practice-room-piano-polyphony1,1,52,1.92,10.2
"https://studionol.co.kr/ko/stories/practice-room-wondang1",practice-room-wondang1,6,80,7.50,10.2
"https://studionol.co.kr/ko/stories/singing-lesson1",singing-lesson1,6,235,2.55,10.2
"https://studionol.co.kr/ko/stories/indie-label1",indie-label1,46,1687,2.73,10.3
"https://studionol.co.kr/ko/wedding-song",,8,236,3.39,10.3
"https://studionol.co.kr/ko/stories/interface1",interface1,3,127,2.36,10.3
"https://studionol.co.kr/ko/stories/practice-room-piano-technique21",practice-room-piano-technique21,4,82,4.88,10.4
"https://studionol.co.kr/ko/stories/acoustic-treatment1",acoustic-treatment1,9,86,10.47,10.4
"https://studionol.co.kr/ko/stories/diaphragm1",diaphragm1,9,449,2.00,10.4
"https://studionol.co.kr/ko/stories/jazz-chord1",jazz-chord1,2,107,1.87,10.4
"https://studionol.co.kr/ko/stories/chord-progressions1",chord-progressions1,7,177,3.95,10.4
"https://studionol.co.kr/ko/stories/practice-room-piano-chord-voicing1",practice-room-piano-chord-voicing1,3,177,1.69,10.4
"https://studionol.co.kr/ko/stories/practice-room-piano-intro-outro1",practice-room-piano-intro-outro1,4,125,3.20,10.5
"https://studionol.co.kr/ko/stories/daejeon1",daejeon1,3,435,0.69,10.6
"https://studionol.co.kr/ko/stories/home-vs-studio1",home-vs-studio1,3,72,4.17,10.7
"https://studionol.co.kr/ko/stories/indie-rock1",indie-rock1,0,107,0.00,10.8
"https://studionol.co.kr/ko/stories/hobbymusic1",hobbymusic1,6,261,2.30,10.8
"https://studionol.co.kr/ko/stories/practice-room-vocal-emotion1",practice-room-vocal-emotion1,0,51,0.00,10.9
"https://studionol.co.kr/ko/stories/rock-vocal1",rock-vocal1,0,52,0.00,10.9
"https://studionol.co.kr/ko/stories/drum1",drum1,18,554,3.25,11.0
"https://studionol.co.kr/ko/stories/practice-room-certification1",practice-room-certification1,0,67,0.00,11.0
"https://studionol.co.kr/ko/stories/copyright1",copyright1,49,2879,1.70,11.0
"https://studionol.co.kr/ko/stories/ai-music1",ai-music1,11,676,1.63,11.0
"https://studionol.co.kr/ko/stories/song-choice1",song-choice1,1,117,0.85,11.1
"https://studionol.co.kr/ko/stories/practice-room-drum-bossa-nova1",practice-room-drum-bossa-nova1,1,59,1.69,11.2
"https://studionol.co.kr/ko/stories/practice-room-daejo1",practice-room-daejo1,1,56,1.79,11.2
"https://studionol.co.kr/ko/stories/practice-room-band-vocal1",practice-room-band-vocal1,6,102,5.88,11.2
"https://studionol.co.kr/ko/release-project/single",,0,57,0.00,11.2
"https://studionol.co.kr/ko/stories/vintage-sound1",vintage-sound1,1,51,1.96,11.2
"https://studionol.co.kr/ko/stories/practice-room-trot1",practice-room-trot1,1,72,1.39,11.2
"https://studionol.co.kr/ko/stories/mixing4",mixing4,20,1222,1.64,11.2
"https://studionol.co.kr/ko/stories/practice-room-composition1",practice-room-composition1,2,80,2.50,11.2
"https://studionol.co.kr/ko/stories/album1",album1,3,147,2.04,11.3
"https://studionol.co.kr/ko/stories/practice-room-guitar-theory-modes1",practice-room-guitar-theory-modes1,5,84,5.95,11.4
"https://studionol.co.kr/ko/stories/practice-room-piano-worship1",practice-room-piano-worship1,5,80,6.25,11.4
"https://studionol.co.kr/ko/stories/practice-room-musical-theater1",practice-room-musical-theater1,0,52,0.00,11.4
"https://studionol.co.kr/ko/stories/practice-room-vocal-tongue-twisters1",practice-room-vocal-tongue-twisters1,0,70,0.00,11.5
"https://studionol.co.kr/ko/stories/practice-room-vocal-sustain1",practice-room-vocal-sustain1,3,77,3.90,11.6
"https://studionol.co.kr/ko/stories/practice-room-vibrato1",practice-room-vibrato1,0,60,0.00,11.7
"https://studionol.co.kr/ko/stories/practice-room-jazz-piano1",practice-room-jazz-piano1,3,81,3.70,11.7
"https://studionol.co.kr/ko/stories/vocalcoach1",vocalcoach1,5,226,2.21,11.7
"https://studionol.co.kr/ko/stories/practice-room-bass-pick-fingerstyle1",practice-room-bass-pick-fingerstyle1,6,119,5.04,11.8
"https://studionol.co.kr/ko/studio-info",,2,311,0.64,11.8
"https://studionol.co.kr/ko/stories/ccm-vocal1",ccm-vocal1,3,73,4.11,11.8
"https://studionol.co.kr/ko/stories/practice-room-vocal-jazz-scat1",practice-room-vocal-jazz-scat1,4,144,2.78,11.8
"https://studionol.co.kr/ko/stories/practice-room-eunpyeong1",practice-room-eunpyeong1,7,112,6.25,11.9
"https://studionol.co.kr/ko/stories/music-collab1",music-collab1,2,69,2.90,11.9
"https://studionol.co.kr/ko/stories/music-video1",music-video1,31,1141,2.72,12.0
"https://studionol.co.kr/ko/stories/livesound1",livesound1,25,799,3.13,12.1
"https://studionol.co.kr/ko/stories/transcription1",transcription1,21,550,3.82,12.2
"https://studionol.co.kr/ko/stories/podcast-music1",podcast-music1,0,70,0.00,12.4
"https://studionol.co.kr/ko/stories/mixing7",mixing7,4,302,1.32,12.5
"https://studionol.co.kr/ko/stories/kpop-production1",kpop-production1,32,896,3.57,12.6
"https://studionol.co.kr/ko/stories/practice-room-church1",practice-room-church1,2,64,3.13,12.6
"https://studionol.co.kr/ko/stories/practice-room-adult-beginner1",practice-room-adult-beginner1,4,95,4.21,12.7
"https://studionol.co.kr/ko/stories/pop-production1",pop-production1,0,83,0.00,12.7
"https://studionol.co.kr/ko/stories/practice-room-guitar-arpeggios-advanced1",practice-room-guitar-arpeggios-advanced1,2,59,3.39,12.8
"https://studionol.co.kr/ko/stories/audioformat1",audioformat1,2,541,0.37,12.9
"https://studionol.co.kr/ko/stories/solo-album1",solo-album1,74,2126,3.48,13.1
"https://studionol.co.kr/ko/stories/seoul1",seoul1,18,1078,1.67,13.1
"https://studionol.co.kr/ko/stories/homestudio1",homestudio1,7,200,3.50,13.4
"https://studionol.co.kr/ko/stories/practice-room-deogyang1",practice-room-deogyang1,6,85,7.06,13.4
"https://studionol.co.kr/ko/stories/choir1",choir1,7,368,1.90,13.5
"https://studionol.co.kr/ko/stories/vocal-fry1",vocal-fry1,11,1192,0.92,13.6
"https://studionol.co.kr/ko/stories/posture1",posture1,7,670,1.04,13.7
"https://studionol.co.kr/ko/stories/cover-song1",cover-song1,9,112,8.04,13.7
"https://studionol.co.kr/ko/stories/recording-environment1",recording-environment1,46,1240,3.71,13.7
"https://studionol.co.kr/ko/stories/practice-room-bass-harmonics1",practice-room-bass-harmonics1,11,571,1.93,13.8
"https://studionol.co.kr/ko/stories/sungak1",sungak1,14,519,2.70,14.1
"https://studionol.co.kr/ko/stories/practice-room-wonheung1",practice-room-wonheung1,2,68,2.94,14.2
"https://studionol.co.kr/ko/stories/interview2",interview2,3,142,2.11,14.8
"https://studionol.co.kr/ko/stories/album-release1",album-release1,15,809,1.85,14.9
"https://studionol.co.kr/ko/stories/sample-rate1",sample-rate1,11,903,1.22,15.9
"https://studionol.co.kr/ko/stories/practice-room-bass-slap1",practice-room-bass-slap1,3,55,5.45,16.0
"https://studionol.co.kr/ko/cover-video",,1,103,0.97,16.5
"https://studionol.co.kr/ko/stories/vibrato1",vibrato1,8,337,2.37,16.8
"https://studionol.co.kr/ko/music-promotion",,1,65,1.54,17.0
"https://studionol.co.kr/ko/stories/mix-reference1",mix-reference1,25,579,4.32,17.1
"https://studionol.co.kr/ko/stories/vocal-lesson1",vocal-lesson1,11,572,1.92,17.2
"https://studionol.co.kr/ko/stories/mixing21",mixing21,1,214,0.47,17.3
"https://studionol.co.kr/ko/stories/vocal-phrasing1",vocal-phrasing1,9,499,1.80,17.6
"https://studionol.co.kr/ko/stories/ballad-vocal1",ballad-vocal1,2,110,1.82,18.4
"https://studionol.co.kr/ko/stories/recording-cost1",recording-cost1,8,415,1.93,18.4
"https://studionol.co.kr/ko/stories/preamp1",preamp1,8,399,2.01,19.5
"https://studionol.co.kr/ko/stories/mixing12",mixing12,1,157,0.64,19.6
"https://studionol.co.kr/ko/stories/vocal-fatigue1",vocal-fatigue1,16,434,3.69,20.0